{"type":"Scene","props":{"width":1080,"height":560},"compId":2,"child":[{"type":"Sprite","props":{"y":0,"x":0,"texture":"test/background.png"},"compId":10},{"type":"Sprite","props":{"y":-13,"x":290,"width":807,"texture":"test/cover-1.png","pivotY":-54,"pivotX":-61,"height":166},"compId":3},{"type":"Sprite","props":{"y":101,"x":40,"texture":"test/Cover-0.png","scaleY":0.3,"scaleX":0.3},"compId":4},{"type":"Sprite","props":{"y":176,"x":360,"texture":"test/cover-2.png"},"compId":5},{"type":"Button","props":{"y":360,"x":387,"width":240,"var":"btn_cn","skin":"comp/button.png","sizeGrid":"21,66,28,65","labelSize":30,"labelFont":"SimHei","labelColors":"red","label":"简体中文","height":80},"compId":6},{"type":"Button","props":{"y":360,"x":693.5,"width":240,"var":"btn_en","skin":"comp/button.png","sizeGrid":"21,66,28,65","labelSize":30,"labelFont":"Helvetica","labelColors":"red","label":"English","height":80},"compId":8}],"loadList":["test/background.png","test/cover-1.png","test/Cover-0.png","test/cover-2.png","comp/button.png"],"loadList3D":[]}