{"type":"Scene","props":{"width":1080,"hitTestPrior":false,"height":560},"compId":2,"child":[{"type":"Sprite","props":{"y":0,"x":0,"var":"s_bg","texture":"test/bg-cn.png"},"compId":3},{"type":"ProgressBar","props":{"y":385,"x":743,"width":100,"var":"p_health","skin":"comp/progress.png","sizeGrid":"12,11,9,5","height":24},"compId":4},{"type":"Button","props":{"y":224,"x":743,"width":240,"var":"btn_next","skin":"comp/button.png","sizeGrid":"21,66,28,65","labelSize":30,"labelFont":"SimHei","labelColors":"red","label":"下一回合","height":80},"compId":6},{"type":"ProgressBar","props":{"y":385,"x":918,"width":100,"var":"p_conf","skin":"comp/progress.png","sizeGrid":"12,11,9,5","height":24},"compId":9},{"type":"ProgressBar","props":{"y":446,"x":743,"width":100,"var":"p_soc","skin":"comp/progress.png","sizeGrid":"12,11,9,5","height":24},"compId":10},{"type":"ProgressBar","props":{"y":510,"x":743,"width":100,"var":"p_mot","skin":"comp/progress.png","sizeGrid":"12,11,9,5","height":24},"compId":11},{"type":"ProgressBar","props":{"y":445,"x":919,"width":100,"var":"p_love","skin":"comp/progress.png","sizeGrid":"12,11,9,5","height":24},"compId":12},{"type":"ProgressBar","props":{"y":510,"x":919,"width":100,"var":"p_adv","skin":"comp/progress.png","sizeGrid":"12,11,9,5","height":24},"compId":13},{"type":"Sprite","props":{"y":-91,"x":348,"texture":"test/Charactor.png","scaleY":0.3,"scaleX":0.3},"compId":14},{"type":"ProgressBar","props":{"y":318,"x":171,"width":220,"var":"p_paperpercent","skin":"comp/progress.png","sizeGrid":"12,11,9,5","height":24},"compId":15},{"type":"Button","props":{"y":376,"x":154,"width":140,"var":"cardBtn1","skin":"comp/button.png","sizeGrid":"21,66,28,65","labelSize":20,"labelFont":"SimHei","labelColors":"red","height":180},"compId":17},{"type":"FontClip","props":{"y":14,"x":91,"var":"c_grade","value":"1","skin":"comp/grade_cn.png","sheet":"0123456789"},"compId":21},{"type":"FontClip","props":{"y":15,"x":186,"var":"c_season","value":"1","skin":"comp/season_cn.png","sheet":"0123456789"},"compId":22},{"type":"Button","props":{"y":376,"x":215,"width":140,"var":"cardBtn2","skin":"comp/button.png","sizeGrid":"21,66,28,65","labelSize":20,"labelFont":"SimHei","labelColors":"red","height":180},"compId":28},{"type":"Button","props":{"y":376,"x":276,"width":140,"var":"cardBtn3","skin":"comp/button.png","sizeGrid":"21,66,28,65","labelSize":20,"labelFont":"SimHei","labelColors":"red","height":180},"compId":29},{"type":"Button","props":{"y":376,"x":336,"width":140,"var":"cardBtn4","skin":"comp/button.png","sizeGrid":"21,66,28,65","labelSize":20,"labelFont":"SimHei","labelColors":"red","height":180},"compId":30},{"type":"Button","props":{"y":376,"x":397,"width":140,"var":"cardBtn5","skin":"comp/button.png","sizeGrid":"21,66,28,65","labelSize":20,"labelFont":"SimHei","labelColors":"red","height":180},"compId":31},{"type":"Button","props":{"y":376,"x":458,"width":140,"var":"cardBtn6","skin":"comp/button.png","sizeGrid":"21,66,28,65","labelSize":20,"labelFont":"SimHei","labelColors":"red","height":180},"compId":27},{"type":"Button","props":{"y":376,"x":519,"width":140,"var":"cardBtn7","skin":"comp/button.png","sizeGrid":"21,66,28,65","labelSize":20,"labelFont":"SimHei","labelColors":"red","height":180},"compId":32},{"type":"Label","props":{"y":79,"x":998,"width":31,"var":"l_score","text":"0","styleSkin":"comp/label.png","height":36,"fontSize":30,"font":"SimHei","color":"#ff0400","align":"center"},"compId":33},{"type":"Label","props":{"y":114,"x":998,"width":31,"var":"l_paper","text":"0","styleSkin":"comp/label.png","height":36,"fontSize":30,"font":"SimHei","color":"#ff0400","align":"center"},"compId":34},{"type":"Label","props":{"y":160,"x":994,"width":31,"var":"l_fpp","text":"0","styleSkin":"comp/label.png","height":36,"fontSize":20,"font":"SimHei","color":"#ff0400","align":"center"},"compId":35},{"type":"Label","props":{"y":457,"x":36,"width":31,"var":"l_enegy","text":"0","styleSkin":"comp/label.png","height":36,"fontSize":30,"font":"SimHei","color":"#ff0400","align":"center"},"compId":36},{"type":"Label","props":{"y":91,"x":114,"width":144,"var":"l_money","text":"800","styleSkin":"comp/label.png","height":34,"fontSize":30,"font":"SimHei","color":"#ff0400","align":"left"},"compId":37},{"type":"Label","props":{"y":80,"x":662,"width":31,"var":"p_ifgoal1","text":"√","styleSkin":"comp/label.png","height":36,"fontSize":30,"font":"SimHei","color":"#ff0400","align":"center"},"compId":38},{"type":"Label","props":{"y":116,"x":662,"width":31,"var":"p_ifgoal2","text":"√","styleSkin":"comp/label.png","height":36,"fontSize":30,"font":"SimHei","color":"#ff0400","align":"center"},"compId":39},{"type":"Label","props":{"y":151,"x":662,"width":31,"var":"p_ifgoal3","text":"√","styleSkin":"comp/label.png","height":36,"fontSize":30,"font":"SimHei","color":"#ff0400","align":"center"},"compId":40},{"type":"Label","props":{"y":186,"x":663,"width":31,"var":"p_ifgoal4","text":"√","styleSkin":"comp/label.png","height":36,"fontSize":30,"font":"SimHei","color":"#ff0400","align":"center"},"compId":41},{"type":"Label","props":{"y":129,"x":115,"width":144,"var":"l_status","text":"普通","styleSkin":"comp/label.png","height":34,"fontSize":30,"font":"SimHei","color":"#ff0400","align":"left"},"compId":49},{"type":"Label","props":{"y":169,"x":30,"wordWrap":true,"width":149,"var":"l_cstatus","overflow":"scroll","height":136,"fontSize":20},"compId":50},{"type":"Sprite","props":{"y":32,"x":148.5,"var":"cardinfo"},"compId":43,"child":[{"type":"Image","props":{"x":-0.5,"width":515,"skin":"test/dialog_bd.png","sizeGrid":"10,10,10,10","height":274},"compId":42},{"type":"Button","props":{"y":274,"x":246,"width":133,"var":"btnDo","skin":"comp/button.png","sizeGrid":"21,66,28,65","labelSize":30,"labelFont":"SimHei","labelColors":"red","label":"执行","height":45},"compId":45},{"type":"Button","props":{"y":274,"x":380.5,"width":133,"var":"btnDiscard","skin":"comp/button.png","sizeGrid":"21,66,28,65","labelSize":30,"labelFont":"SimHei","labelColors":"red","label":"弃牌","height":45},"compId":47},{"type":"Label","props":{"y":25,"x":30,"wordWrap":true,"width":453,"var":"cardTxt","overflow":"scroll","height":222,"fontSize":24},"compId":48}]}],"loadList":["test/bg-cn.png","comp/progress.png","comp/button.png","test/Charactor.png","comp/grade_cn.png","comp/season_cn.png","comp/label.png","test/dialog_bd.png"],"loadList3D":[]}