{"type":"Dialog","props":{"width":560,"mouseThrough":false,"isModal":false,"height":480,"autoDestroyAtClosed":false},"compId":2,"child":[{"type":"Sprite","props":{"y":0,"x":0,"texture":"test/dialog_bd.png"},"compId":6},{"type":"Button","props":{"y":358,"x":160,"width":240,"var":"retBtn","skin":"comp/button.png","sizeGrid":"21,66,28,65","labelSize":30,"labelFont":"SimHei","labelColors":"red","label":"OK","height":80},"compId":13},{"type":"Label","props":{"y":53,"x":63,"wordWrap":true,"width":441,"var":"dialogtext","overflow":"scroll","height":264,"fontSize":24},"compId":14},{"type":"Button","props":{"y":358,"x":63,"width":220,"var":"choice1Btn","skin":"comp/button.png","sizeGrid":"21,66,28,65","labelSize":30,"labelFont":"SimHei","labelColors":"red","label":"OK","height":80},"compId":15},{"type":"Button","props":{"y":358,"x":290,"width":220,"var":"choice2Btn","skin":"comp/button.png","sizeGrid":"21,66,28,65","labelSize":30,"labelFont":"SimHei","labelColors":"red","label":"OK","height":80},"compId":16}],"loadList":["test/dialog_bd.png","comp/button.png"],"loadList3D":[]}